Invoice ID,Branch,City,Customer type,Gender,Product line,Unit price,Quantity,Total,Rating
000-00,C,Naypyitaw,Member,Male,Electronic accessories,87.70002846146427,6,502.2071573595962,7.543827003967826
001-01,A,Naypyitaw,Member,Female,Fashion accessories,56.71736066225962,7,670.0305198061156,7.966085525483922
002-02,C,Mandalay,Member,Male,Health and beauty,53.126368986675786,3,788.0098724078482,4.4707348979027435
003-03,C,Naypyitaw,Member,Male,Home and lifestyle,12.307785922579212,7,266.3040783640593,7.26698175462319
004-04,A,Yangon,Normal,Female,Food and beverages,40.71230448635407,8,770.8516140556948,8.255924970835657
005-05,A,Yangon,Member,Male,Sports and travel,44.21760569072713,6,342.11142117681527,5.003927824006363
006-06,C,Yangon,Normal,Female,Food and beverages,45.894050280721046,9,339.1339285526917,8.683790304553343
007-07,B,Mandalay,Normal,Female,Sports and travel,62.215513230459905,6,305.2903281908793,7.50263668308467
008-08,C,Naypyitaw,Member,Male,Fashion accessories,58.02422920541906,9,456.0557055106889,9.713330714185567
009-09,C,Yangon,Normal,Female,Electronic accessories,64.71145835141002,4,165.60878238386533,4.25453378924135
010-10,C,Mandalay,Normal,Male,Fashion accessories,78.83949353879154,8,465.2836140185084,5.591956825332802
011-11,C,Naypyitaw,Normal,Male,Health and beauty,83.16871648444841,4,456.278609307503,7.609323275798944
012-12,A,Mandalay,Normal,Female,Health and beauty,74.6310768603845,2,621.4263594536525,5.779359473235584
013-13,C,Yangon,Member,Female,Sports and travel,95.99713263594413,9,675.2374714531892,8.286544984427454
014-14,B,Yangon,Normal,Female,Home and lifestyle,11.640932440872547,5,380.33101273431805,8.554031695131586
015-15,A,Yangon,Member,Female,Home and lifestyle,27.620018711519148,4,276.7499370136203,4.6150957843988465
016-16,B,Mandalay,Normal,Male,Sports and travel,10.68065874803279,2,244.50117298782087,7.083126785240607
017-17,B,Mandalay,Normal,Male,Health and beauty,68.27272427391426,1,195.96787752865396,7.053343333546335
018-18,B,Yangon,Member,Female,Health and beauty,90.82274940549883,7,93.23568664926867,6.215684621293247
019-19,B,Mandalay,Normal,Male,Health and beauty,31.913406691866935,6,306.835984126035,9.597549175418033
020-20,A,Yangon,Normal,Male,Fashion accessories,93.4331090316676,2,252.68576909808743,8.965037919239327
021-21,A,Yangon,Normal,Male,Health and beauty,15.424065126060476,8,774.8130393998055,8.18325629145782
022-22,B,Naypyitaw,Member,Male,Food and beverages,94.09924241249628,4,468.28161968753295,8.285959814409985
023-23,B,Mandalay,Normal,Female,Electronic accessories,41.6460418515671,8,310.45777927288066,6.770296862878714
024-24,A,Yangon,Member,Female,Health and beauty,19.127874560429486,7,485.350700745272,9.525967126579456
025-25,A,Yangon,Normal,Male,Sports and travel,53.72845832676931,5,154.39752600927164,8.167572563519713
026-26,A,Mandalay,Member,Female,Electronic accessories,33.109891094845715,8,383.03281190165217,8.373886369934898
027-27,C,Naypyitaw,Member,Female,Fashion accessories,35.638561176573056,9,519.6757410657979,9.170145422724072
028-28,C,Naypyitaw,Normal,Female,Sports and travel,37.65609684336579,5,416.6733738443385,5.644429536053146
029-29,C,Yangon,Normal,Male,Electronic accessories,82.27233080493971,5,351.3341004907432,8.842425423200218
030-30,B,Mandalay,Member,Male,Sports and travel,58.52451490077291,2,795.3862916747736,5.1714436177389524
031-31,C,Naypyitaw,Member,Male,Fashion accessories,38.01769292404033,5,710.2360716116953,6.072051713469327
032-32,B,Mandalay,Normal,Female,Food and beverages,64.93004049798265,3,517.5544686195801,6.0136627256190565
033-33,B,Mandalay,Member,Male,Fashion accessories,74.45356068008742,7,477.03302088671205,9.871152810334843
034-34,C,Yangon,Normal,Male,Fashion accessories,34.53616006601804,5,515.4953598684381,9.139223342487561
035-35,B,Naypyitaw,Normal,Female,Sports and travel,47.21941913728163,8,200.98408086682494,8.207019169541558
036-36,C,Yangon,Normal,Male,Home and lifestyle,20.96974840032528,1,346.353307448239,8.362340569692341
037-37,C,Naypyitaw,Normal,Male,Health and beauty,26.303441458121227,3,79.5946496681745,7.372436766415427
038-38,A,Naypyitaw,Member,Female,Health and beauty,71.30060685684845,3,406.65952811512,9.682544002651115
039-39,C,Naypyitaw,Normal,Female,Food and beverages,26.329451292606425,9,457.2684379682474,6.9775525172941695
040-40,A,Naypyitaw,Member,Female,Food and beverages,57.26470453003542,5,220.8123020774072,6.283106259219367
041-41,C,Naypyitaw,Normal,Male,Health and beauty,73.81416355501895,9,773.0216353741353,4.978212021589546
042-42,C,Mandalay,Member,Male,Home and lifestyle,19.618923078526947,9,732.0909582029315,8.717233913566348
043-43,A,Yangon,Normal,Male,Health and beauty,61.058099766601316,1,591.6074265919294,8.406663592453548
044-44,A,Mandalay,Member,Female,Home and lifestyle,33.09065053312274,2,450.03997157402193,6.3061302311448095
045-45,C,Naypyitaw,Member,Female,Food and beverages,96.66341877138218,5,702.4768697357637,4.151160483755376
046-46,B,Yangon,Normal,Male,Electronic accessories,53.51910820479323,4,147.9892578675972,9.033983966308064
047-47,A,Naypyitaw,Normal,Male,Sports and travel,82.53932947976423,9,642.8823457061637,4.068507900724442
048-48,B,Yangon,Normal,Female,Food and beverages,59.52038879406356,7,143.61561047513624,8.222198677774305
049-49,B,Mandalay,Normal,Female,Food and beverages,13.907127956933724,6,645.657996912054,9.821542658356343
050-50,B,Yangon,Member,Female,Fashion accessories,66.98362380346201,7,256.8256761885177,6.625967968889221
051-51,A,Yangon,Normal,Female,Fashion accessories,95.62630079859913,1,707.8179357636417,5.409840429975716
052-52,B,Yangon,Member,Male,Fashion accessories,64.1450638131698,1,758.0315703690484,8.22922606026029
053-53,A,Yangon,Member,Female,Sports and travel,83.72699734841112,8,161.59697705383672,8.90276885209351
054-54,B,Yangon,Normal,Male,Fashion accessories,89.5785817013567,2,397.0067037990451,7.278581896467084
055-55,C,Naypyitaw,Member,Male,Home and lifestyle,30.527179475403923,9,785.7405336220138,9.802211651536878
056-56,C,Yangon,Member,Male,Health and beauty,29.0840355917404,7,412.55557697985995,4.310012329947766
057-57,A,Yangon,Member,Female,Electronic accessories,64.98828899658926,6,697.6606418859088,7.028773589827169
058-58,C,Mandalay,Member,Female,Food and beverages,46.99256228260342,1,491.5486415984899,8.3107236839353
059-59,C,Yangon,Normal,Female,Home and lifestyle,85.58751725800484,1,331.4974309397014,9.175842826895074
060-60,B,Mandalay,Normal,Female,Electronic accessories,91.002081105821,2,264.33766664440265,5.07553367144674
061-61,A,Naypyitaw,Normal,Male,Home and lifestyle,41.807924137244626,6,202.41731831456545,8.800020890582088
062-62,B,Yangon,Normal,Female,Home and lifestyle,31.318350307703387,6,621.3486435332729,7.316242454311272
063-63,B,Mandalay,Member,Female,Food and beverages,80.24729637194757,2,339.9053801172709,6.3793220919397795
064-64,B,Mandalay,Member,Male,Health and beauty,34.73254319933225,1,433.45659665056337,4.790290171474561
065-65,B,Naypyitaw,Normal,Female,Fashion accessories,84.03528866623105,5,419.24411000088645,9.191774553453474
066-66,B,Yangon,Normal,Male,Sports and travel,48.13644282838865,5,482.95927192484845,4.943639249078292
067-67,B,Yangon,Normal,Male,Health and beauty,70.07949093623233,2,699.1828592184141,5.858727155254595
068-68,B,Mandalay,Member,Male,Sports and travel,18.59817824512014,6,785.554507687572,5.740273191774621
069-69,A,Yangon,Normal,Male,Food and beverages,66.14733922089158,9,355.6881564303627,9.228484205145126
070-70,C,Mandalay,Normal,Male,Food and beverages,50.65909108635062,2,670.6391915797273,8.036217965253389
071-71,B,Yangon,Normal,Male,Food and beverages,62.79476168579267,2,623.3958459910382,8.780088383148234
072-72,B,Mandalay,Member,Male,Electronic accessories,25.12127869703771,3,480.14671359167994,5.502807392754994
073-73,B,Yangon,Member,Male,Sports and travel,76.31863704497638,7,767.0353577089498,7.749244597641994
074-74,B,Naypyitaw,Member,Female,Health and beauty,87.65173697889057,6,200.35588664630208,7.430475898862492
075-75,B,Yangon,Member,Female,Health and beauty,29.506582008169808,8,131.94815773221606,8.996982260729627
076-76,B,Yangon,Member,Female,Home and lifestyle,18.614309996814555,8,690.4714752165667,9.436522362887564
077-77,C,Naypyitaw,Member,Female,Home and lifestyle,12.127472744170277,6,379.3623624753112,4.072940628864321
078-78,C,Yangon,Member,Male,Home and lifestyle,67.77743503989393,3,685.2266406552953,8.044119514352756
079-79,B,Naypyitaw,Member,Female,Food and beverages,64.63846324799027,3,719.8176538965612,4.311014794718374
080-80,C,Yangon,Normal,Male,Health and beauty,59.2027671442663,1,96.84319521430358,7.2931519904641355
081-81,A,Mandalay,Normal,Female,Sports and travel,30.875238650437787,7,712.5985722395455,5.725796374262069
082-82,B,Mandalay,Member,Female,Food and beverages,45.18153963149632,5,386.23929152706665,5.840659597132847
083-83,A,Yangon,Member,Female,Electronic accessories,63.50287016675557,4,432.82436675317416,6.11775102071414
084-84,A,Yangon,Normal,Male,Home and lifestyle,54.709017297325246,4,519.9443833199077,7.72775469429766
085-85,B,Yangon,Member,Female,Food and beverages,98.90069681933986,4,744.7869550475651,6.004299794012615
086-86,C,Mandalay,Member,Male,Food and beverages,22.27957773010598,6,64.33707082232303,8.396194303541682
087-87,A,Yangon,Member,Male,Electronic accessories,72.56300986428344,8,407.63260123836284,6.427164313443218
088-88,B,Mandalay,Normal,Female,Fashion accessories,46.38868912938629,8,565.7915318229205,4.410119201859752
089-89,A,Naypyitaw,Normal,Female,Health and beauty,48.53796534330533,5,592.0302182736714,8.702559054904643
090-90,A,Mandalay,Normal,Female,Sports and travel,74.58379890923587,6,569.399323652831,5.714549947556236
091-91,A,Mandalay,Normal,Male,Fashion accessories,72.31925361919326,4,150.82634705609138,6.596601277595576
092-92,A,Naypyitaw,Normal,Female,Home and lifestyle,99.21303943319695,9,274.54669127876093,8.112663299331409
093-93,C,Mandalay,Member,Male,Food and beverages,21.55548605087127,8,319.0366440627601,5.994736942892272
094-94,A,Yangon,Normal,Male,Electronic accessories,19.36986844457497,1,653.3279057596287,4.3395139368802935
095-95,A,Yangon,Member,Female,Electronic accessories,75.1904935415867,2,259.0699043109148,6.243526282076882
096-96,A,Mandalay,Member,Female,Health and beauty,62.05482253057682,9,208.02872290040239,9.666691496165821
097-97,C,Yangon,Normal,Male,Fashion accessories,34.67445999038253,8,768.0860142785722,7.850406383791349
098-98,A,Mandalay,Normal,Male,Health and beauty,17.147743209008794,3,56.647463835101675,8.028874892003241
099-99,A,Yangon,Member,Male,Food and beverages,17.70924246367875,8,798.3656417614836,7.793692921825839
100-100,C,Yangon,Member,Female,Health and beauty,90.47717871977065,1,557.6159741430467,5.1939528337566205
101-101,C,Mandalay,Member,Male,Sports and travel,27.268059224686862,4,671.3519745868379,6.510003184613681
102-102,C,Yangon,Normal,Female,Electronic accessories,39.10344059039687,3,270.96454725964486,8.505638790179908
103-103,A,Mandalay,Normal,Male,Electronic accessories,30.399076200428922,6,60.73645825029499,4.608237385318954
104-104,C,Yangon,Normal,Male,Home and lifestyle,41.94966752487436,7,603.4021389211475,5.667116656538274
105-105,C,Yangon,Normal,Female,Home and lifestyle,16.248145847148404,4,675.6084477505068,5.657914650795122
106-106,A,Naypyitaw,Normal,Male,Food and beverages,56.715381181744334,7,605.3570989651394,6.592113565567036
107-107,C,Naypyitaw,Member,Female,Sports and travel,16.085130723299343,9,157.13771547562897,9.88221244565311
108-108,A,Mandalay,Normal,Female,Fashion accessories,82.03208570401254,2,615.0709416927268,4.405015280102932
109-109,B,Naypyitaw,Member,Male,Health and beauty,31.034087371938973,3,626.6920865807307,7.11220596628357
110-110,C,Mandalay,Member,Female,Food and beverages,58.601072314405954,5,543.9053867525412,5.076188092073263
111-111,B,Naypyitaw,Member,Female,Home and lifestyle,89.20711788053124,3,624.5869495966897,9.824059272458465
112-112,A,Yangon,Normal,Male,Health and beauty,68.57896321424747,8,684.4410797582991,4.679821028364785
113-113,C,Mandalay,Normal,Female,Home and lifestyle,57.966200789620174,8,510.2030856780938,6.421606014169548
114-114,A,Mandalay,Normal,Female,Health and beauty,39.190037780383804,8,116.4535354772593,8.427309909007636
115-115,B,Yangon,Member,Female,Fashion accessories,39.97017217523781,9,415.72085725040813,8.22732656816467
116-116,A,Mandalay,Member,Male,Food and beverages,70.25382596783712,4,108.2370010037038,6.536371821363593
117-117,C,Mandalay,Member,Female,Health and beauty,99.47254250990508,5,355.65727327432313,6.07914500771631
118-118,C,Naypyitaw,Member,Male,Sports and travel,69.56552708644408,5,355.3298668442207,6.385674271317224
119-119,B,Mandalay,Member,Male,Electronic accessories,60.20050756330224,8,99.50738310518119,5.585657578951835
120-120,A,Yangon,Member,Female,Sports and travel,75.75854592153215,7,311.61540047710946,5.231997632240799
121-121,C,Naypyitaw,Normal,Female,Sports and travel,51.86850510553463,9,133.24857409348613,6.89823818535334
122-122,B,Naypyitaw,Normal,Female,Electronic accessories,15.412810834070669,8,656.1764075069166,5.611202536405644
123-123,C,Yangon,Normal,Male,Sports and travel,60.60671342901188,2,760.766019473353,5.724769989383501
124-124,C,Yangon,Normal,Female,Health and beauty,96.18627560548421,4,104.23735644345396,7.940536380847343
125-125,A,Naypyitaw,Member,Female,Health and beauty,25.777264812189365,6,766.3364054687761,9.811223990199354
126-126,C,Mandalay,Member,Female,Health and beauty,72.10044017385991,2,441.9324495025589,7.62182320335625
127-127,A,Naypyitaw,Normal,Female,Electronic accessories,28.084031979315082,7,274.6742584654054,4.4618768023897974
128-128,C,Yangon,Member,Female,Sports and travel,58.22449160257732,3,107.64655645712264,4.453501683124402
129-129,B,Naypyitaw,Normal,Male,Electronic accessories,18.700880468204765,3,425.46820105281336,9.708539325073396
130-130,C,Yangon,Normal,Male,Health and beauty,50.53338426323666,2,645.8866583680615,5.783744741844002
131-131,A,Naypyitaw,Normal,Female,Sports and travel,78.05469960057215,8,580.3148579500236,4.552401916494853
132-132,A,Mandalay,Member,Female,Sports and travel,41.28143718150839,6,87.66950859798033,7.594267522902289
133-133,B,Naypyitaw,Normal,Female,Home and lifestyle,69.84205520384963,1,104.67637652592764,7.741892669741596
134-134,C,Naypyitaw,Normal,Female,Home and lifestyle,81.59049647107562,1,352.1549619744778,7.891028920712129
135-135,C,Yangon,Normal,Male,Fashion accessories,93.44600375315073,7,271.46787053595745,5.604412167145248
136-136,B,Yangon,Member,Female,Food and beverages,31.117787366990818,8,224.28824229203587,4.09066410528685
137-137,C,Yangon,Member,Male,Home and lifestyle,45.938432422837735,5,260.7533741815352,9.790092216726832
138-138,C,Naypyitaw,Normal,Male,Electronic accessories,23.71744119973757,5,652.6120574726634,5.505358274146615
139-139,A,Mandalay,Member,Female,Home and lifestyle,99.32351519425377,4,746.9210402238904,8.056157728315284
140-140,C,Yangon,Member,Male,Fashion accessories,93.43008711318657,6,353.8270208956748,8.239779219272258
141-141,C,Yangon,Member,Male,Sports and travel,58.59614172525036,6,729.5832515993728,7.660044502476914
142-142,B,Naypyitaw,Member,Male,Fashion accessories,85.78299649387792,3,291.1217759359115,5.877444365281889
143-143,B,Yangon,Member,Male,Sports and travel,56.8862179544838,9,407.3277397578437,5.626577522584395
144-144,A,Mandalay,Member,Female,Sports and travel,66.12271192024838,7,219.52174836199978,7.586009696216219
145-145,C,Mandalay,Member,Female,Food and beverages,18.021198890441497,1,530.357031631883,9.196573801670148
146-146,C,Yangon,Member,Male,Home and lifestyle,77.97433784471271,7,784.2358363811067,9.680402373540375
147-147,C,Yangon,Member,Female,Electronic accessories,21.494213527171134,5,502.619822032534,4.635434826422546
148-148,A,Naypyitaw,Member,Female,Electronic accessories,84.34608672272755,5,318.36056308516163,4.928971675586319
149-149,A,Mandalay,Normal,Female,Health and beauty,80.38252789033473,2,535.8630844928963,9.668417552698479
150-150,B,Mandalay,Normal,Female,Sports and travel,73.78702279686789,4,142.19050884904067,8.419211370008755
151-151,A,Yangon,Member,Female,Electronic accessories,13.254434247228591,6,716.494310199049,9.297962948978638
152-152,C,Naypyitaw,Normal,Male,Food and beverages,37.28155203507957,7,427.31296308487725,5.215795804812059
153-153,C,Mandalay,Normal,Female,Sports and travel,33.680131291975854,5,387.0123065297316,7.525515226656411
154-154,A,Mandalay,Member,Female,Food and beverages,42.41227667243672,9,489.3985913401394,8.206837566504841
155-155,C,Naypyitaw,Member,Female,Electronic accessories,17.88784720874547,3,518.5878970920519,8.080671312681837
156-156,C,Naypyitaw,Member,Female,Electronic accessories,94.32620407279565,1,103.83185466988476,6.4489101452001885
157-157,A,Mandalay,Normal,Male,Health and beauty,59.842201664113865,4,561.9629159175518,4.092369350147851
158-158,A,Mandalay,Normal,Male,Electronic accessories,37.49718795922212,9,231.4487602366472,7.497556340825579
159-159,C,Naypyitaw,Member,Male,Sports and travel,45.72833653668551,4,585.4644743799423,5.518609235077653
160-160,C,Mandalay,Member,Male,Sports and travel,50.24822864543521,2,666.9010957881476,6.701525476857342
161-161,C,Yangon,Member,Female,Sports and travel,64.05349000245556,5,652.9688806643902,9.745486090502904
162-162,B,Yangon,Normal,Male,Health and beauty,56.4111484926848,3,464.37572555591686,6.3942119058546085
163-163,B,Naypyitaw,Normal,Female,Health and beauty,92.74527758929756,9,440.1274192330634,9.03880963998656
164-164,B,Naypyitaw,Normal,Female,Electronic accessories,54.726713461524724,4,157.15697100455878,5.131243634495506
165-165,A,Naypyitaw,Normal,Female,Fashion accessories,99.29422133409814,6,631.5096128023517,8.034762988150174
166-166,B,Yangon,Member,Female,Fashion accessories,86.62824619705862,2,253.55703533503578,9.862041726633661
167-167,A,Mandalay,Member,Female,Health and beauty,28.765946292160223,6,422.5215671134599,4.611358605237621
168-168,A,Yangon,Member,Male,Electronic accessories,93.75356931795247,3,263.20556969563756,4.049919653363152
169-169,B,Mandalay,Member,Male,Fashion accessories,20.472975809692848,9,150.37127224976985,6.6014967557956865
170-170,B,Yangon,Normal,Male,Electronic accessories,83.57047376420724,2,522.1682726688025,4.555752898308203
171-171,B,Mandalay,Normal,Male,Electronic accessories,44.256096412892205,9,90.74902611717786,8.490306098057388
172-172,C,Yangon,Member,Female,Electronic accessories,89.01768884005625,5,611.48392559465,9.487291983091353
173-173,B,Naypyitaw,Member,Male,Home and lifestyle,88.12510210967054,8,288.1900964458375,6.604125836252553
174-174,C,Yangon,Normal,Female,Sports and travel,82.5332860105859,2,50.10101975336399,5.552269852932646
175-175,A,Mandalay,Member,Male,Electronic accessories,81.10273926763553,6,433.3468544279223,6.606419914039659
176-176,C,Yangon,Normal,Female,Home and lifestyle,37.42112251882367,3,85.13893139570234,8.340686907100006
177-177,B,Yangon,Member,Female,Health and beauty,17.282735474612696,5,257.1271683656746,4.054324969482225
178-178,A,Yangon,Member,Male,Fashion accessories,46.268216088864534,8,580.2323655917871,7.536723936908183
179-179,A,Naypyitaw,Member,Female,Sports and travel,25.61720634878578,1,97.01721621639939,7.679750109324274
180-180,A,Yangon,Member,Female,Fashion accessories,72.54559800122155,5,679.5038692670017,7.826129481375613
181-181,C,Naypyitaw,Member,Male,Sports and travel,41.1489753884007,3,52.86494199393733,5.452132479885263
182-182,B,Naypyitaw,Member,Female,Fashion accessories,97.80491807739234,4,235.11790190142668,8.28431634026876
183-183,A,Yangon,Member,Male,Sports and travel,67.68748696107988,2,605.6780421140536,4.548348917990658
184-184,A,Yangon,Normal,Male,Fashion accessories,84.02325072709249,9,287.2026122969801,5.195622018800805
185-185,A,Yangon,Normal,Male,Fashion accessories,21.927220546766357,3,126.41929104951015,9.26482027992689
186-186,C,Mandalay,Normal,Female,Fashion accessories,87.58130340453603,2,320.1754391003209,8.432338904359398
187-187,C,Yangon,Normal,Female,Fashion accessories,93.0481471462055,9,252.79496478839414,4.082473324068071
188-188,B,Naypyitaw,Normal,Female,Health and beauty,53.83557269370423,7,682.0339266204162,5.490257562218801
189-189,C,Yangon,Member,Male,Electronic accessories,64.56276439758797,6,285.0109381888574,5.286438897958988
190-190,A,Mandalay,Member,Female,Food and beverages,78.83288208126959,1,641.6993538320054,5.6248379682218355
191-191,B,Yangon,Normal,Male,Home and lifestyle,25.73547645343713,5,718.904108608051,5.485358621679318
192-192,A,Mandalay,Member,Male,Food and beverages,55.23094688170982,3,375.3630646823971,4.375157774457074
193-193,A,Mandalay,Normal,Female,Food and beverages,45.87967249950818,1,732.457357890794,6.753643099580922
194-194,C,Yangon,Normal,Male,Sports and travel,23.17365929460242,4,332.9885404723946,8.39640084871699
195-195,B,Naypyitaw,Member,Female,Electronic accessories,43.07809800623783,2,773.0588123675811,7.640390348304619
196-196,C,Mandalay,Member,Female,Sports and travel,16.135507844694423,2,116.9671433941797,8.037230011588479
197-197,C,Yangon,Member,Female,Electronic accessories,12.323071625453828,3,565.2644498774321,4.486895071217435
198-198,B,Yangon,Normal,Female,Electronic accessories,22.16496602393405,8,420.3605303426965,9.708944261060722
199-199,A,Naypyitaw,Member,Female,Fashion accessories,96.68036004302564,8,340.7366040917353,9.03095100305815
200-200,A,Mandalay,Normal,Male,Health and beauty,59.45765823055153,7,524.5339090614507,8.830541910973977
201-201,B,Mandalay,Normal,Male,Fashion accessories,96.9239945037898,6,577.8928187257484,8.937902830250605
202-202,A,Yangon,Normal,Male,Health and beauty,48.924809049711875,9,53.27245223773181,9.596263048796569
203-203,B,Yangon,Member,Female,Sports and travel,38.06345197767336,4,175.21481656039904,7.265523796682186
204-204,B,Naypyitaw,Member,Female,Health and beauty,55.55276765562197,1,584.784537975739,5.201692107205755
205-205,C,Naypyitaw,Normal,Female,Sports and travel,49.55605197696191,8,549.7890601836548,7.700701647115247
206-206,B,Mandalay,Member,Male,Food and beverages,19.509821583556953,7,774.535628846508,8.457288962007635
207-207,C,Mandalay,Member,Female,Food and beverages,67.67436832211857,7,620.7783426880873,8.427504360124153
208-208,A,Yangon,Member,Male,Health and beauty,29.443436425863965,3,763.0795307985036,7.128694145001281
209-209,A,Mandalay,Normal,Male,Health and beauty,65.76291594080466,4,576.9053761511052,4.410752316001468
210-210,A,Naypyitaw,Normal,Female,Sports and travel,68.51809831583381,9,273.5391564795824,6.226677630580767
211-211,A,Naypyitaw,Member,Female,Fashion accessories,23.68223678157833,6,129.02369168814235,9.524599650780143
212-212,C,Yangon,Normal,Male,Sports and travel,15.521466439960134,5,636.3678975087017,7.506693458544556
213-213,A,Naypyitaw,Member,Female,Fashion accessories,80.26854274615958,3,533.1119161069369,7.229991659534281
214-214,B,Naypyitaw,Member,Male,Food and beverages,51.382038139238816,9,86.13950929497217,5.613121086293161
215-215,B,Naypyitaw,Member,Female,Electronic accessories,15.234741595492821,5,320.0378494257337,6.210693519499474
216-216,B,Naypyitaw,Member,Female,Health and beauty,99.53796854527904,5,767.5998616132147,9.372076534919016
217-217,C,Yangon,Normal,Male,Fashion accessories,15.200250489672998,4,425.3008592826509,7.9987782851610145
218-218,A,Yangon,Normal,Female,Sports and travel,72.55317059726978,4,374.5468520147785,8.724322160513998
219-219,A,Mandalay,Normal,Male,Food and beverages,98.53110327370723,1,393.2747038694705,6.726072538405931
220-220,A,Naypyitaw,Member,Female,Fashion accessories,31.526209379433304,7,206.66204300387278,7.7814833167369475
221-221,C,Mandalay,Member,Male,Sports and travel,22.802443181847657,9,326.5303781485964,5.490301652459245
222-222,B,Yangon,Member,Male,Health and beauty,20.9246445480186,3,327.3599419903825,8.232764981700917
223-223,B,Yangon,Normal,Female,Health and beauty,37.294763281083604,2,89.2662651406043,6.565608002220024
224-224,A,Yangon,Member,Male,Home and lifestyle,19.0941229909582,3,625.6757213884387,6.655273088888474
225-225,B,Yangon,Normal,Female,Electronic accessories,72.29452075247187,1,362.3783239279092,7.89593394746129
226-226,B,Yangon,Normal,Female,Home and lifestyle,15.606261831705641,6,666.6349151123175,9.61768372881356
227-227,C,Yangon,Normal,Female,Food and beverages,55.84799153348107,7,687.7610008399215,4.3840380796517255
228-228,C,Yangon,Normal,Male,Fashion accessories,99.70271684676791,2,208.99554102399355,8.948459424082046
229-229,C,Naypyitaw,Normal,Male,Food and beverages,83.25732425554169,8,543.0151116275964,5.7542986624731585
230-230,C,Mandalay,Normal,Female,Sports and travel,65.36974944079098,6,404.2113531222363,6.663516727038267
231-231,A,Yangon,Member,Female,Health and beauty,37.56282587079505,4,710.1175534411138,4.1314799726500535
232-232,C,Naypyitaw,Member,Male,Home and lifestyle,66.15062526624746,5,211.8055093823406,5.806276467005878
233-233,B,Naypyitaw,Normal,Female,Home and lifestyle,57.433731752048644,8,558.3599002325332,7.015787455780783
234-234,A,Mandalay,Normal,Female,Home and lifestyle,48.347504550133436,3,505.81409168954195,4.337056464084634
235-235,B,Yangon,Member,Male,Food and beverages,21.76393390661795,3,271.4761081788746,6.946574376298991
236-236,B,Mandalay,Normal,Female,Health and beauty,89.79437937164201,4,152.45067773837945,9.562663773150565
237-237,B,Yangon,Normal,Male,Fashion accessories,50.48061839391902,1,538.7298203579574,4.632359308646832
238-238,C,Naypyitaw,Member,Female,Sports and travel,27.516026063868857,9,603.9480935992481,8.586644368453026
239-239,C,Naypyitaw,Normal,Male,Fashion accessories,43.09834157895607,8,286.7205078225125,6.458026320255955
240-240,A,Naypyitaw,Normal,Female,Food and beverages,47.27167772760343,8,533.6244530167353,7.931042287146028
241-241,A,Naypyitaw,Normal,Female,Sports and travel,84.47841060101868,6,346.34818070862747,5.561419587911376
242-242,C,Mandalay,Member,Male,Home and lifestyle,76.02529425052619,7,584.9051624619633,4.95695357524815
243-243,B,Yangon,Member,Female,Electronic accessories,79.23744042772059,6,199.41145617053982,4.962775685627358
244-244,A,Yangon,Member,Male,Food and beverages,10.992813798578249,9,717.6612519771307,4.422951673858868
245-245,C,Mandalay,Normal,Female,Food and beverages,47.45385983617854,3,265.5571973491848,5.113880229407458
246-246,C,Yangon,Normal,Male,Health and beauty,53.32097364717912,3,325.83949081711467,7.985316309933809
247-247,C,Naypyitaw,Member,Male,Fashion accessories,11.727304914075102,3,93.56896406026235,9.290143671061049
248-248,B,Yangon,Normal,Male,Food and beverages,33.38318878705308,3,133.6341592409573,8.884754113546972
249-249,C,Naypyitaw,Normal,Male,Food and beverages,78.42608408099215,9,436.8964270342461,8.110805859246906
250-250,C,Mandalay,Normal,Female,Home and lifestyle,22.339873515609916,4,250.6945075459786,4.662591180466616
251-251,C,Yangon,Normal,Female,Home and lifestyle,58.17791183073325,7,676.6101693066457,5.7351246777756995
252-252,C,Mandalay,Normal,Male,Sports and travel,29.368168481551375,9,61.02004149121538,5.858841251934814
253-253,A,Yangon,Member,Male,Electronic accessories,11.090869717950394,7,334.32053650395216,5.499741678385727
254-254,A,Naypyitaw,Normal,Male,Health and beauty,31.708131183958734,9,303.0091600768195,7.0900339582583385
255-255,C,Mandalay,Member,Female,Electronic accessories,97.82863794190484,3,64.49572318820077,7.213322889278036
256-256,B,Yangon,Normal,Female,Sports and travel,82.13834006946907,4,143.27629925038266,6.141315851026661
257-257,A,Naypyitaw,Member,Female,Home and lifestyle,96.361897988893,8,360.23200618897647,6.122734952418616
258-258,C,Mandalay,Normal,Female,Fashion accessories,53.90686395337262,6,419.64843833558496,8.971333587436488
259-259,A,Mandalay,Member,Male,Home and lifestyle,19.876257880975317,5,353.2173104411518,8.735757089918113
260-260,A,Yangon,Normal,Male,Health and beauty,59.31635400763236,4,448.20325880907035,5.846774990084474
261-261,B,Yangon,Member,Male,Home and lifestyle,50.89396011039648,8,496.34875617926116,9.482730663239556
262-262,C,Yangon,Normal,Female,Health and beauty,85.99213744656544,1,57.442865845876725,9.716890102015036
263-263,C,Naypyitaw,Member,Female,Health and beauty,18.827432270582015,9,398.0713695901279,5.960455252180245
264-264,B,Yangon,Normal,Female,Health and beauty,53.94170233196004,1,772.6244306656912,6.12654969275833
265-265,B,Mandalay,Member,Male,Sports and travel,23.50437982245858,8,439.27421009716153,7.033804920531753
266-266,C,Mandalay,Member,Male,Health and beauty,39.22083342010539,4,558.156700594215,9.646724875202041
267-267,C,Yangon,Normal,Female,Health and beauty,76.36213696490196,9,283.8978934376624,9.25791659885387
268-268,B,Yangon,Normal,Male,Fashion accessories,52.84163164318899,5,630.4935336145719,4.615407775501539
269-269,A,Mandalay,Member,Female,Electronic accessories,43.82994566311924,3,629.6911114070863,6.356384459628497
270-270,A,Naypyitaw,Normal,Female,Food and beverages,45.50286507130318,9,440.9720357406042,7.320227138498631
271-271,B,Yangon,Member,Male,Electronic accessories,51.350209156538796,9,782.0103674594102,7.01879483530924
272-272,A,Yangon,Member,Female,Health and beauty,80.65148894533512,4,144.16266107199004,5.163178407621356
273-273,B,Mandalay,Member,Male,Fashion accessories,90.2876220046211,4,62.71074866718575,9.152900627008929
274-274,A,Yangon,Normal,Female,Home and lifestyle,95.98012178535355,8,627.6186588178219,8.061644697981023
275-275,A,Naypyitaw,Member,Male,Fashion accessories,80.82130476297655,2,655.3666530236619,9.02745024911082
276-276,C,Mandalay,Member,Male,Health and beauty,38.38662061732114,9,140.15542184043218,9.152585676096834
277-277,C,Yangon,Normal,Male,Fashion accessories,71.93212354778879,6,249.18712471895455,8.490135121994438
278-278,A,Mandalay,Normal,Female,Fashion accessories,49.384281164985275,9,63.16427252497168,6.635263607498304
279-279,A,Yangon,Normal,Female,Health and beauty,32.92035598414461,8,269.9814580854235,7.663280530092547
280-280,C,Yangon,Normal,Male,Sports and travel,85.67844214833303,7,629.8564054390037,4.962192436718459
281-281,C,Yangon,Member,Male,Fashion accessories,13.458371406609249,1,438.47039578443423,8.041872504849447
282-282,C,Naypyitaw,Member,Female,Food and beverages,91.15857929218812,3,311.07169487621604,5.075519534435685
283-283,B,Naypyitaw,Member,Female,Food and beverages,51.53297181622607,2,328.80447117974774,8.163697543060941
284-284,A,Mandalay,Member,Female,Fashion accessories,67.34813291274523,5,51.015219286601116,5.377588964523812
285-285,C,Yangon,Normal,Male,Sports and travel,69.34185299852044,5,274.8503956739269,4.70530780090132
286-286,A,Yangon,Member,Female,Home and lifestyle,90.56059666358827,5,534.8440562284479,4.991706940857744
287-287,B,Naypyitaw,Member,Female,Health and beauty,67.30027139504867,4,780.6458328622679,4.011952811314422
288-288,B,Yangon,Normal,Male,Food and beverages,65.25402262840555,5,685.2956202379246,8.31243770712118
289-289,C,Naypyitaw,Member,Female,Home and lifestyle,15.998683650462096,3,67.69622348414684,8.394406294350276
290-290,B,Yangon,Member,Female,Fashion accessories,56.656721975068365,1,723.9204535061295,7.089600099479557
291-291,A,Mandalay,Member,Female,Home and lifestyle,23.51521007353375,5,637.3988099739695,4.968176806332302
292-292,C,Yangon,Member,Male,Electronic accessories,76.3690391849337,9,635.2820926782354,4.501326025064138
293-293,A,Yangon,Member,Male,Food and beverages,56.0999728731407,9,393.4968192526786,4.114773798623722
294-294,A,Naypyitaw,Member,Male,Fashion accessories,71.2205001287518,4,348.50396971587713,4.994489061791324
295-295,B,Yangon,Normal,Male,Health and beauty,13.750561054214584,3,277.18679662489444,9.34513320989888
296-296,B,Yangon,Normal,Male,Sports and travel,17.63128144412229,1,99.27114421577434,5.449221050210091
297-297,B,Naypyitaw,Member,Male,Fashion accessories,74.4691049256414,2,221.17652262027434,6.125627963303294
298-298,B,Mandalay,Member,Male,Health and beauty,16.487590239880603,8,234.95272623351846,4.632072906887999
299-299,B,Mandalay,Normal,Female,Sports and travel,16.413105498873275,1,413.0578022826512,5.334167828489022
300-300,C,Naypyitaw,Member,Female,Sports and travel,11.08976277113987,8,610.5833049475204,7.1153474246812305
301-301,A,Naypyitaw,Member,Male,Fashion accessories,96.0851258469532,7,405.35737129845995,7.646516098573915
302-302,A,Naypyitaw,Member,Female,Home and lifestyle,76.37575235131062,8,93.38333708537046,5.472113884997267
303-303,A,Naypyitaw,Normal,Female,Home and lifestyle,41.79262676518577,6,768.3423507411529,4.346392955350703
304-304,A,Naypyitaw,Member,Male,Sports and travel,36.68820231588897,9,757.0432393205842,6.346197214764392
305-305,B,Mandalay,Normal,Female,Home and lifestyle,41.47329067712646,3,638.8921573613063,5.405220225558005
306-306,A,Mandalay,Member,Female,Electronic accessories,79.71881780630636,4,793.4959261731655,5.317323539378812
307-307,C,Naypyitaw,Normal,Female,Sports and travel,69.5233549963373,6,458.3617496001972,9.759176816280732
308-308,C,Yangon,Normal,Female,Sports and travel,26.667601108072112,8,772.0762626899045,7.697802915554345
309-309,A,Naypyitaw,Member,Female,Health and beauty,25.66984018006759,5,106.70378046256309,7.341270659032576
310-310,A,Yangon,Normal,Male,Home and lifestyle,18.85560847420576,3,324.2605611960285,6.4946506211399315
311-311,C,Naypyitaw,Member,Male,Sports and travel,69.42724477312044,6,219.03595100507437,6.573666000580865
312-312,C,Naypyitaw,Normal,Male,Electronic accessories,78.79353959995623,4,196.8748131007025,7.245430023028485
313-313,B,Mandalay,Member,Female,Health and beauty,33.85417854925036,9,155.60221166950706,8.178578842216643
314-314,C,Yangon,Member,Male,Fashion accessories,11.885046492782154,3,516.8102311744975,8.212876577090977
315-315,B,Yangon,Normal,Female,Sports and travel,17.39545007287846,4,635.9913918104788,5.030163446232697
316-316,B,Mandalay,Member,Female,Electronic accessories,97.10740313605274,7,483.7237995652705,7.000676512459762
317-317,B,Mandalay,Member,Female,Food and beverages,36.59002997296783,7,160.22203219115727,6.471748570204612
318-318,B,Mandalay,Normal,Female,Electronic accessories,79.23008330543203,4,658.3428274501032,9.223161797616305
319-319,B,Mandalay,Member,Male,Electronic accessories,66.21972119688374,6,526.9660303727964,7.788513527310259
320-320,A,Yangon,Member,Male,Health and beauty,44.37456756876063,3,341.12427959524666,7.195024398495891
321-321,C,Yangon,Normal,Female,Fashion accessories,28.51185359759996,6,555.5977216520472,4.692367853073504
322-322,B,Naypyitaw,Normal,Male,Food and beverages,20.92477763434658,2,244.92873443212463,7.6338273359404685
323-323,C,Naypyitaw,Member,Female,Home and lifestyle,65.35116712349799,8,308.89415637065787,4.7032234340814005
324-324,C,Mandalay,Member,Male,Home and lifestyle,79.71704025740092,2,738.1143823489926,6.023239453394512
325-325,B,Mandalay,Normal,Male,Electronic accessories,67.95138281870176,7,267.8783792535653,4.857051788885991
326-326,A,Mandalay,Normal,Female,Health and beauty,57.727191992424245,9,402.49120111845247,8.152441882146213
327-327,B,Naypyitaw,Member,Male,Health and beauty,13.775610108847264,1,717.605853047011,5.237512683016916
328-328,A,Naypyitaw,Normal,Female,Home and lifestyle,97.16398998349455,8,580.7910127006456,6.351156239128156
329-329,C,Naypyitaw,Member,Male,Food and beverages,81.88427724891172,7,96.65241962352707,9.374048665712671
330-330,A,Naypyitaw,Member,Female,Fashion accessories,36.35398330308683,6,160.47728320922775,5.225898300393822
331-331,A,Naypyitaw,Member,Female,Food and beverages,98.19732964229655,6,55.88119307893761,7.046830383752675
332-332,A,Naypyitaw,Member,Male,Sports and travel,64.16934306726898,6,523.1913426718725,6.515629966996132
333-333,C,Naypyitaw,Member,Male,Sports and travel,62.418039238652185,9,385.7550690578137,4.108744246274378
334-334,C,Mandalay,Normal,Female,Fashion accessories,77.3265861486579,2,150.70613817670665,8.756548681436877
335-335,A,Mandalay,Normal,Male,Home and lifestyle,83.05928092811239,1,768.4505907925778,4.414275437887598
336-336,A,Mandalay,Normal,Male,Fashion accessories,69.08307465983523,6,447.2447929592149,6.845530125861721
337-337,B,Mandalay,Normal,Female,Health and beauty,21.528617172958,8,231.41997058466688,7.3640697696337
338-338,A,Naypyitaw,Member,Female,Sports and travel,40.44407553950485,3,425.4526783660307,7.770558739687522
339-339,B,Yangon,Member,Male,Electronic accessories,93.52752762934448,1,559.7152495513308,8.131789775847253
340-340,A,Naypyitaw,Member,Female,Electronic accessories,30.215405065946673,9,107.17941348017337,5.519634301136291
341-341,B,Yangon,Member,Female,Home and lifestyle,43.4950321453762,1,256.027861285919,4.059872659950696
342-342,C,Mandalay,Normal,Female,Health and beauty,48.88691946497764,3,655.2241181629952,8.340661974129471
343-343,A,Naypyitaw,Member,Male,Food and beverages,49.5464490725007,8,394.74865280199595,7.2139395960854715
344-344,A,Mandalay,Member,Male,Health and beauty,65.1645624245073,3,459.93285652422117,9.016706219243492
345-345,A,Naypyitaw,Normal,Female,Electronic accessories,94.87682539702368,4,374.6120016571019,8.928330177404167
346-346,A,Mandalay,Normal,Male,Electronic accessories,31.662344064925446,8,82.92495698225383,9.059957006727299
347-347,B,Yangon,Normal,Female,Sports and travel,20.935123867082623,1,174.31233486511695,6.910567959877241
348-348,A,Yangon,Normal,Male,Health and beauty,27.77234408739436,6,384.15622905641817,6.001770375021194
349-349,C,Yangon,Member,Female,Health and beauty,89.82324101883425,1,206.88909905594588,8.74934921554822
350-350,C,Naypyitaw,Member,Female,Electronic accessories,68.12297313896855,1,87.48427149475904,6.707764678175529
351-351,A,Yangon,Normal,Male,Food and beverages,35.73161103152441,8,682.7372480388678,5.1006531784206075
352-352,C,Naypyitaw,Member,Female,Home and lifestyle,83.43522450717555,4,785.8943968730869,9.129844117368846
353-353,A,Yangon,Member,Male,Home and lifestyle,87.52329967270924,1,644.8571554975546,9.295359260634083
354-354,A,Yangon,Member,Male,Health and beauty,86.18629048212502,7,690.3386912785003,6.797858536841021
355-355,C,Naypyitaw,Normal,Female,Home and lifestyle,92.7033880275599,5,231.48284773778403,4.454198363858724
356-356,A,Naypyitaw,Member,Female,Electronic accessories,32.701691815602544,5,770.4702316348998,6.326956539501587
357-357,C,Yangon,Normal,Male,Electronic accessories,77.95377358716505,1,197.6942783400713,8.82122595677562
358-358,B,Naypyitaw,Member,Female,Health and beauty,51.4485547546726,6,763.5723577713742,9.410644171277372
359-359,A,Yangon,Member,Female,Health and beauty,85.77986976010554,9,796.1144704744632,5.220836454985575
360-360,B,Naypyitaw,Member,Female,Sports and travel,75.5641609445452,9,583.7921043095365,4.40184167215163
361-361,C,Mandalay,Normal,Female,Health and beauty,79.88027018497522,8,785.8577988438665,9.264102718797032
362-362,B,Mandalay,Member,Female,Food and beverages,69.05456539129644,5,477.1548346753278,6.3364296338732515
363-363,B,Mandalay,Normal,Male,Home and lifestyle,25.968589252273617,1,244.65633738206776,7.25056578560538
364-364,C,Mandalay,Normal,Male,Health and beauty,59.05242270072445,9,377.74691424921565,9.808394872304554
365-365,B,Mandalay,Normal,Female,Fashion accessories,98.62027655720574,1,495.17070153408946,4.399388367485337
366-366,B,Yangon,Member,Female,Sports and travel,94.36492598474071,8,104.81117152026124,7.889908044712573
367-367,C,Mandalay,Member,Female,Fashion accessories,13.885636221731051,5,516.7574484629346,4.444632535449203
368-368,B,Mandalay,Member,Male,Electronic accessories,24.833333415649342,3,785.8833775717209,6.2528135707990025
369-369,C,Mandalay,Member,Female,Home and lifestyle,21.85558961091057,7,192.5807373377957,8.822887271160681
370-370,B,Mandalay,Normal,Male,Health and beauty,75.3381918986766,7,644.4463372162875,6.600833396533806
371-371,C,Naypyitaw,Normal,Male,Fashion accessories,83.60067968712505,9,730.9240953347145,9.983094123417702
372-372,C,Yangon,Normal,Male,Home and lifestyle,29.216022967960473,7,757.7761946151657,7.354355709679613
373-373,B,Mandalay,Member,Female,Electronic accessories,55.52674236566461,3,770.1017033040854,5.926972915815721
374-374,B,Mandalay,Normal,Male,Food and beverages,85.663272521008,1,441.09472904110396,5.320667955428519
375-375,B,Mandalay,Member,Female,Sports and travel,75.95213902896255,8,782.9809309936278,6.103123205716971
376-376,A,Yangon,Normal,Male,Home and lifestyle,58.80134849426634,3,617.9826553508292,6.235199642557305
377-377,A,Naypyitaw,Member,Female,Home and lifestyle,63.13129214128956,8,171.2535771777214,4.412282066343765
378-378,A,Yangon,Member,Male,Food and beverages,55.752449222465195,8,407.6750798509775,6.217445196560639
379-379,C,Naypyitaw,Normal,Female,Home and lifestyle,36.77936061869385,5,588.7483815290029,6.7854311184353495
380-380,B,Mandalay,Normal,Male,Electronic accessories,60.85197935731145,1,235.5052368643125,8.336426513432828
381-381,C,Mandalay,Normal,Female,Electronic accessories,71.99967718450816,7,530.4613876616655,7.940376908329648
382-382,A,Yangon,Normal,Female,Food and beverages,88.59906242747269,5,549.9503592849644,8.252593931374925
383-383,B,Yangon,Member,Female,Sports and travel,67.26622185813233,8,172.02480785642442,4.050182091261142
384-384,C,Naypyitaw,Normal,Female,Health and beauty,78.50093833388422,9,473.8139843395672,5.306004397483216
385-385,B,Naypyitaw,Normal,Male,Fashion accessories,24.40644714591157,7,628.7201832339558,7.970105730399139
386-386,C,Yangon,Normal,Male,Health and beauty,51.54017269778109,7,424.17174840195645,6.903936209078482
387-387,B,Naypyitaw,Member,Female,Home and lifestyle,10.839845784438397,1,59.07733758208057,4.031880854010076
388-388,A,Yangon,Member,Male,Fashion accessories,32.20109780694607,4,56.77885180946913,8.826967854590933
389-389,A,Naypyitaw,Normal,Female,Food and beverages,75.38155436017044,2,317.77200797750913,8.636857439742023
390-390,B,Yangon,Member,Female,Food and beverages,99.26289562144271,2,744.6455513238365,7.290514977961376
391-391,C,Yangon,Normal,Male,Sports and travel,18.92602896284943,2,221.50758470270657,4.398779954657632
392-392,A,Yangon,Member,Female,Fashion accessories,46.13448842751594,4,525.7727666537653,8.599090297195508
393-393,A,Naypyitaw,Member,Female,Electronic accessories,82.00638718292436,1,216.55690301999044,7.502281526388184
394-394,A,Naypyitaw,Member,Male,Fashion accessories,28.363207116600897,4,291.2524922446615,8.691759862947755
395-395,B,Naypyitaw,Member,Female,Home and lifestyle,59.95764543720576,2,686.031567201113,8.510481954375042
396-396,B,Yangon,Normal,Female,Electronic accessories,75.97641664267073,5,596.6460817024602,8.818012431747022
397-397,C,Naypyitaw,Normal,Female,Food and beverages,65.43869052341611,3,121.54945798490797,7.108048398427749
398-398,C,Naypyitaw,Normal,Female,Fashion accessories,26.922226115387453,8,371.5265157398252,4.84194710916109
399-399,C,Yangon,Member,Male,Health and beauty,41.984611181716545,4,71.87732273394835,8.026944840278132
400-400,B,Mandalay,Normal,Male,Sports and travel,80.54126060368574,1,410.6676099522567,7.722842710311824
401-401,B,Yangon,Normal,Male,Health and beauty,59.8803862718815,1,546.825508775801,8.453519123194523
402-402,C,Naypyitaw,Normal,Female,Sports and travel,10.470665218862147,3,138.87696769861367,5.019286036304412
403-403,C,Yangon,Member,Female,Home and lifestyle,78.48916840252845,9,266.6637041818742,5.1698511994017355
404-404,B,Mandalay,Member,Male,Health and beauty,13.178021944621516,7,348.3774691266177,9.34245710331597
405-405,C,Yangon,Member,Female,Fashion accessories,77.1160404458109,2,739.6482684920373,8.499866790712424
406-406,A,Naypyitaw,Normal,Female,Fashion accessories,28.223250414871366,9,794.941261567223,9.449370932201937
407-407,B,Mandalay,Normal,Female,Health and beauty,96.22661321074422,2,83.68347424671188,8.552291926983525
408-408,C,Naypyitaw,Normal,Female,Fashion accessories,43.11466761718761,3,620.755942621544,7.582931835941811
409-409,B,Mandalay,Member,Male,Home and lifestyle,39.42384547042712,2,328.79304980175743,7.924796422167242
410-410,A,Mandalay,Member,Male,Electronic accessories,23.39992452992002,3,344.34363967211004,9.334767543640059
411-411,B,Yangon,Normal,Male,Home and lifestyle,37.50437939411934,6,615.698730010267,7.472840527071643
412-412,B,Yangon,Member,Female,Sports and travel,88.89856856453805,9,738.8198241090565,7.794347945970324
413-413,B,Naypyitaw,Member,Male,Home and lifestyle,99.67009038645226,9,763.1964458769113,4.938860296021604
414-414,B,Yangon,Member,Male,Sports and travel,43.14785774561635,7,482.84193952874057,6.843527320696616
415-415,A,Yangon,Member,Female,Fashion accessories,50.37495678590883,3,317.84086947537713,8.298382671748595
416-416,B,Mandalay,Normal,Female,Electronic accessories,74.98638443824633,4,640.6618143940844,5.6256561898981925
417-417,B,Yangon,Member,Male,Fashion accessories,89.75762024185671,6,238.2510374467252,5.21352508314721
418-418,C,Mandalay,Member,Male,Food and beverages,63.37399007681057,5,473.05552162513834,5.882960849346493
419-419,B,Mandalay,Member,Male,Fashion accessories,45.23731283600464,2,318.9338461436549,5.4490037679570005
420-420,C,Mandalay,Member,Male,Sports and travel,47.13596567637614,6,542.4733052809071,5.289475822218375
421-421,A,Naypyitaw,Normal,Female,Fashion accessories,72.60563318471262,3,230.2991846701302,6.549105057208521
422-422,A,Naypyitaw,Normal,Male,Fashion accessories,10.289643724385082,8,193.69470930111933,9.447031083301205
423-423,A,Naypyitaw,Member,Male,Electronic accessories,65.76304037138567,2,738.6793150065778,7.042357880432309
424-424,A,Mandalay,Member,Female,Fashion accessories,41.99437093972217,1,126.35276221215267,5.127522284891938
425-425,C,Naypyitaw,Member,Male,Electronic accessories,81.47775981493758,9,429.46843080119874,4.461830016285244
426-426,B,Naypyitaw,Member,Female,Health and beauty,18.369157584081893,3,215.6395872222567,8.176936870827552
427-427,A,Yangon,Member,Female,Food and beverages,62.93820402535515,1,79.19747249425059,6.296792586618327
428-428,B,Naypyitaw,Member,Female,Electronic accessories,53.28756008975114,7,77.01411371856979,8.930985679512155
429-429,C,Naypyitaw,Normal,Male,Sports and travel,67.80929733147048,5,181.4163290793705,7.957064611844621
430-430,C,Mandalay,Member,Male,Health and beauty,15.836823503467151,5,700.0777658795002,8.777448703248211
431-431,C,Mandalay,Normal,Female,Electronic accessories,62.198540868531815,1,261.85905798276997,5.6316762365106925
432-432,A,Mandalay,Normal,Male,Electronic accessories,60.533612916357136,9,762.8443779314717,8.154153534766348
433-433,B,Mandalay,Member,Male,Food and beverages,60.459408497455385,7,486.21671974189513,5.584371908162312
434-434,B,Mandalay,Normal,Female,Sports and travel,64.31388999368093,8,377.46064232657454,9.63441087670175
435-435,B,Mandalay,Normal,Female,Home and lifestyle,70.8821143503726,9,485.06662600209097,7.818245689200246
436-436,C,Naypyitaw,Normal,Male,Home and lifestyle,82.44900997126928,6,437.52378891970085,5.947070801052052
437-437,A,Mandalay,Normal,Female,Electronic accessories,34.28386481153929,5,619.0821903179939,5.617071173753636
438-438,C,Mandalay,Normal,Male,Fashion accessories,84.25444691620558,6,261.8720494796392,5.145559510429861
439-439,C,Yangon,Normal,Male,Sports and travel,54.843011403710825,2,314.7877937002268,8.167845753362368
440-440,B,Naypyitaw,Member,Male,Health and beauty,16.935245122089803,4,720.570726899938,5.312293677987563
441-441,C,Naypyitaw,Normal,Male,Fashion accessories,15.269583631958128,3,759.8423848628041,7.571819595564934
442-442,B,Naypyitaw,Normal,Female,Fashion accessories,40.08144868264547,7,719.4186706148558,5.587810161552144
443-443,A,Mandalay,Normal,Female,Sports and travel,80.64072794003208,9,364.5859954679852,7.971813668763211
444-444,B,Mandalay,Member,Female,Electronic accessories,73.69128412668242,5,635.2741272551613,8.889638371243235
445-445,A,Mandalay,Normal,Female,Electronic accessories,80.97534682051658,6,407.2517999758241,8.668151458867918
446-446,B,Yangon,Member,Male,Electronic accessories,56.55421507974484,2,423.15488910957663,8.56510798558469
447-447,C,Mandalay,Normal,Male,Electronic accessories,49.61790981599415,3,203.51008179296298,5.126334434153512
448-448,C,Yangon,Member,Female,Home and lifestyle,23.270727403565555,3,493.3477274438873,4.530309681907112
449-449,A,Naypyitaw,Member,Male,Electronic accessories,39.53734782483804,9,189.60192331501096,8.193692970924314
450-450,A,Mandalay,Normal,Male,Home and lifestyle,49.061742955648775,7,298.67352430039534,6.210083282766108
451-451,A,Yangon,Normal,Male,Home and lifestyle,17.97403867116555,8,691.2726512149513,6.594077358420083
452-452,B,Yangon,Member,Female,Electronic accessories,29.855075744009014,9,205.3068569081414,4.186894556760347
453-453,B,Mandalay,Normal,Female,Food and beverages,63.840276465736494,6,103.36871388007461,5.557458695650295
454-454,A,Naypyitaw,Member,Female,Health and beauty,76.20968028152708,4,101.75569445961223,4.202058423246784
455-455,C,Naypyitaw,Member,Male,Fashion accessories,99.85127602536546,1,755.5883903773309,9.275114635607487
456-456,B,Naypyitaw,Member,Female,Home and lifestyle,93.98019982092019,8,430.19032847137595,5.460380099311183
457-457,B,Yangon,Member,Female,Sports and travel,67.83086795816723,7,357.05905386276373,7.344023017438048
458-458,B,Yangon,Member,Female,Sports and travel,47.91232479646648,2,658.1589357559388,4.2338759239667825
459-459,A,Yangon,Normal,Female,Health and beauty,67.25596282374094,8,676.8694459328871,8.001084347833949
460-460,A,Yangon,Member,Female,Sports and travel,80.70864562722087,5,299.1432748367034,5.938164074524563
461-461,A,Naypyitaw,Member,Female,Food and beverages,20.65025718310486,7,570.2135431053464,9.387515121745995
462-462,A,Mandalay,Normal,Male,Sports and travel,46.891440072665944,4,628.3421118889149,9.328709133604214
463-463,A,Yangon,Member,Male,Fashion accessories,85.58220570720555,5,540.9880151494658,5.951743710170486
464-464,C,Yangon,Normal,Female,Fashion accessories,44.54496567397396,8,163.69630610007454,9.405765374142806
465-465,C,Naypyitaw,Normal,Female,Home and lifestyle,61.46850441044679,1,706.9123126377928,9.976946040992672
466-466,A,Mandalay,Normal,Male,Electronic accessories,62.89924247759784,1,454.3209145520065,8.952493984743688
467-467,B,Mandalay,Member,Male,Food and beverages,26.602862782027543,4,261.8543197775028,9.069228086531375
468-468,A,Naypyitaw,Member,Female,Home and lifestyle,42.601189748705956,3,368.9211390782704,5.494052416654539
469-469,C,Naypyitaw,Member,Female,Food and beverages,40.1060159867739,2,78.17831779918053,7.460214393146538
470-470,C,Mandalay,Normal,Female,Electronic accessories,12.35770376788583,3,145.9001009168132,4.403535483804207
471-471,B,Yangon,Member,Female,Sports and travel,12.177258750221972,1,624.1600628868956,4.569507620930018
472-472,C,Mandalay,Normal,Male,Sports and travel,84.85273393081961,1,50.00872606652461,9.993355672199744
473-473,A,Naypyitaw,Member,Female,Electronic accessories,34.576372897553114,6,362.4243713617191,5.959835496555465
474-474,B,Yangon,Normal,Female,Home and lifestyle,56.62708896149339,5,441.88263581419136,8.489103472293078
475-475,A,Yangon,Member,Female,Electronic accessories,36.88530162298957,8,90.97581500072923,8.839990318160899
476-476,A,Naypyitaw,Member,Female,Health and beauty,94.66113206038065,2,779.8086222292496,9.148139626043374
477-477,B,Naypyitaw,Member,Male,Fashion accessories,33.336708297919635,4,219.59399843725396,9.98576978441294
478-478,A,Naypyitaw,Normal,Male,Home and lifestyle,48.66911314650416,8,278.14903972721066,5.448978911541207
479-479,C,Mandalay,Normal,Male,Food and beverages,88.54572254361416,6,277.9568841912705,4.242104961158198
480-480,A,Mandalay,Member,Female,Health and beauty,85.77402101126278,1,222.81249658801244,6.467149107967516
481-481,B,Yangon,Member,Female,Home and lifestyle,26.749127606164958,4,51.105366564733565,4.780484018973682
482-482,B,Naypyitaw,Normal,Male,Electronic accessories,82.23789788161393,1,597.0085955659972,4.1345553349723305
483-483,B,Yangon,Normal,Female,Electronic accessories,51.23681980641034,2,775.134124849464,6.162560962848916
484-484,A,Yangon,Normal,Female,Electronic accessories,53.46719848768197,5,218.2201124637838,8.702429506451418
485-485,B,Yangon,Member,Male,Electronic accessories,22.01319751743494,8,547.2853938525668,7.397084147350425
486-486,B,Yangon,Normal,Male,Food and beverages,17.254136238141218,8,606.4222452190363,5.876667935262124
487-487,A,Naypyitaw,Member,Male,Health and beauty,75.51453762763887,3,686.3190343178935,7.926052032956318
488-488,C,Yangon,Normal,Male,Sports and travel,54.68150371197698,4,366.97189776020684,5.3921090818528645
489-489,A,Naypyitaw,Member,Female,Fashion accessories,49.31656323536616,6,277.1981792303219,4.08628867643251
490-490,B,Naypyitaw,Normal,Female,Food and beverages,75.65574057871571,3,293.9713505172733,8.586120318618564
491-491,B,Mandalay,Normal,Male,Food and beverages,78.89616090919988,2,584.4659998238847,7.742458509184054
492-492,A,Naypyitaw,Normal,Female,Sports and travel,24.30173509024182,6,662.5845998792271,8.57381574700576
493-493,C,Mandalay,Normal,Male,Sports and travel,64.92026345298771,5,186.210475817452,4.233628100125994
494-494,B,Naypyitaw,Normal,Male,Fashion accessories,22.1818674049917,5,328.2057561183239,9.022717766983913
495-495,B,Naypyitaw,Member,Female,Fashion accessories,77.62375774261412,5,726.4551475618625,7.7171572002178195
496-496,B,Naypyitaw,Normal,Male,Sports and travel,69.12596406404256,5,655.0201397710545,7.380372104275841
497-497,A,Mandalay,Normal,Female,Electronic accessories,96.09531589751121,3,788.6438020718568,7.747684288687189
498-498,B,Mandalay,Normal,Female,Food and beverages,16.206221472077907,7,615.6861947615606,9.186599481210184
499-499,C,Yangon,Member,Female,Home and lifestyle,15.134924903612887,6,344.8964007709417,7.521619039353443
